x,y1,y2,y3,y4,Y42,Y41,Y11,Y48,dev_y1_Y42,dev_y2_Y41,dev_y3_Y11,dev_y4_Y48
-20.0,39.778572,-40.07859,-20.214268,-0.32491425,40.20404,-40.456474,-20.0,-0.18627828,0.4254680000000022,0.37788400000000166,0.21426800000000057,0.13863597000000003
-19.9,39.604813,-39.784,-20.07095,-0.058819864,40.04859,-40.23382,-19.9,-0.21569017,0.4437769999999972,0.44982000000000255,0.17095000000000127,0.156870306
-19.8,40.09907,-40.018845,-19.906782,-0.4518296,39.89066,-40.006836,-19.8,-0.23650314,0.20841000000000065,0.012008999999999048,0.10678199999999904,0.21532646
-19.7,40.1511,-39.518402,-19.389118,-0.6120442,39.729824,-39.775787,-19.7,-0.24788749,0.4212759999999989,0.2573849999999993,0.31088199999999944,0.36415671000000005
-19.6,39.795662,-39.360065,-19.81589,-0.3060756,39.565693,-39.54098,-19.6,-0.24938935,0.22996899999999698,0.18091499999999883,0.21588999999999814,0.056686249999999994
-19.5,39.340855,-38.90581,-19.287113,-0.062154666,39.397907,-39.30277,-19.5,-0.24094884,0.05705199999999877,0.39696,0.2128869999999985,0.178794174
-19.4,39.25246,-39.12036,-19.683708,0.026392838,39.226147,-39.06153,-19.4,-0.22290246,0.026313000000001807,0.05883000000000038,0.28370800000000074,0.249295298
-19.3,38.590164,-38.62107,-19.494537,-0.2690418,39.050125,-38.817684,-19.3,-0.19596967,0.45996099999999984,0.19661399999999674,0.1945370000000004,0.07307212999999999
-19.2,38.893463,-38.806778,-19.533716,0.08567329,38.86961,-38.57166,-19.2,-0.16122419,0.02385299999999546,0.23511799999999994,0.333715999999999,0.24689748
-19.1,38.364567,-38.354656,-18.75372,-0.29954198,38.684402,-38.323917,-19.1,-0.1200512,0.31983499999999765,0.030738999999996963,0.34628000000000014,0.17949078
-19.0,38.13553,-37.795067,-19.363068,-0.553223,38.49435,-38.07494,-19.0,-0.07409214,0.35881999999999437,0.27987299999999493,0.3630679999999984,0.47913086000000005
-18.9,37.825813,-37.984848,-18.528309,0.040018722,38.299362,-37.82521,-18.9,-0.025179274,0.47354900000000555,0.15963800000000106,0.37169099999999844,0.06519799600000001
-18.8,37.672874,-37.855568,-18.92033,0.0705662,38.099384,-37.575233,-18.8,0.024737414,0.4265100000000004,0.2803350000000009,0.12032999999999916,0.045828785999999996
-18.7,37.99707,-37.64723,-18.858202,0.09534555,37.894417,-37.3255,-18.7,0.0736679,0.10265300000000366,0.3217300000000023,0.1582019999999993,0.021677650000000007
-18.6,37.38134,-37.436577,-18.457552,-0.3021374,37.68451,-37.07651,-18.6,0.11966148,0.3031700000000015,0.3600670000000008,0.14244800000000168,0.42179888
-18.5,37.429653,-37.083054,-18.551897,-0.0018355072,37.46976,-36.82876,-18.5,0.16088453,0.040106999999999005,0.25429399999999447,0.051897000000000304,0.1627200372
-18.4,37.330147,-36.65041,-18.406178,0.34796613,37.25032,-36.582718,-18.4,0.19569363,0.07982699999999454,0.06769200000000097,0.006178000000002015,0.15227249999999998
-18.3,36.635334,-36.5591,-18.573486,0.08883932,37.02638,-36.338844,-18.3,0.22270104,0.3910460000000029,0.22025599999999912,0.27348599999999834,0.13386172
-18.2,36.31057,-35.691395,-18.298632,-0.15387341,36.798176,-36.097584,-18.2,0.24083005,0.48760599999999954,0.4061889999999977,0.09863200000000205,0.39470346
-18.1,36.379223,-35.42202,-17.694733,0.6145841,36.565994,-35.859344,-18.1,0.24935794,0.18677100000000024,0.4373239999999967,0.40526700000000204,0.36522615999999997
-18.0,36.74498,-35.771496,-18.15217,0.38540468,36.33016,-35.624508,-18.0,0.24794471,0.41481999999999886,0.14698800000000034,0.1521700000000017,0.13745997
-17.9,35.609684,-35.880722,-18.224195,-0.20963566,36.091022,-35.39342,-17.9,0.23664671,0.48133800000000093,0.4873019999999997,0.3241950000000031,0.44628237000000004
-17.8,35.421272,-35.432663,-17.929127,-0.08499361,35.84898,-35.166397,-17.8,0.21591435,0.42770799999999554,0.26626599999999456,0.12912700000000044,0.30090796
-17.7,35.902496,-35.311367,-17.453093,0.20769778,35.604446,-34.94371,-17.7,0.18657418,0.2980499999999964,0.3676569999999941,0.2469070000000002,0.021123599999999992
-17.6,35.009613,-35.05815,-18.051992,-0.14993647,35.357872,-34.72558,-17.6,0.14979586,0.34825899999999876,0.3325699999999969,0.45199199999999706,0.29973233
-17.5,35.37503,-34.652325,-17.750078,-0.11715304,35.10972,-34.512188,-17.5,0.107045665,0.2653099999999995,0.14013699999999574,0.25007799999999847,0.224198705
-17.4,34.673225,-34.403038,-17.254086,0.2630343,34.860474,-34.30367,-17.4,0.0600279,0.18724900000000133,0.09936800000000545,0.14591399999999766,0.2030064
-17.3,34.73963,-34.438858,-17.680382,-0.3331845,34.61062,-34.100113,-17.3,0.010617008,0.12901000000000096,0.33874500000000296,0.3803820000000009,0.343801508
-17.2,34.099274,-33.4363,-17.28941,-0.14619163,34.36066,-33.90155,-17.2,-0.039217148,0.2613860000000017,0.4652499999999975,0.08941000000000088,0.10697448199999998
-17.1,34.380894,-33.81982,-17.085196,0.34196478,34.111095,-33.707966,-17.1,-0.08748784,0.269798999999999,0.11185400000000101,0.014804000000001594,0.42945262
-17.0,33.614796,-33.146416,-16.69206,-0.113865964,33.86242,-33.519302,-17.0,-0.13227068,0.24762400000000184,0.37288600000000116,0.30793999999999855,0.018404716
-16.9,33.971043,-33.033516,-16.62859,-0.2902285,33.615116,-33.335438,-16.9,-0.17178029,0.3559270000000012,0.3019220000000047,0.2714099999999995,0.11844821
-16.8,33.07349,-33.12445,-16.603662,-0.6693005,33.36966,-33.156216,-16.8,-0.20444156,0.2961700000000036,0.03176599999999752,0.1963380000000008,0.46485893999999994
-16.7,33.003006,-33.15249,-16.823805,-0.11059754,33.126507,-32.98143,-16.7,-0.22895241,0.12350099999999742,0.1710599999999971,0.12380500000000083,0.11835487
-16.6,32.82969,-32.514786,-16.207123,0.13672218,32.886086,-32.810825,-16.6,-0.24433562,0.05639599999999945,0.2960390000000004,0.39287700000000214,0.3810578
-16.5,32.27977,-33.125202,-16.162659,0.10311103,32.6488,-32.644108,-16.5,-0.24997796,0.3690300000000022,0.4810939999999988,0.33734099999999856,0.35308899
-16.4,32.51663,-32.68559,-16.269371,-0.011137535,32.415028,-32.480946,-16.4,-0.24565446,0.10160199999999975,0.20464399999999472,0.130628999999999,0.234516925
-16.3,32.194664,-32.186275,-16.139305,0.23491701,32.185097,-32.320972,-16.3,-0.2315375,0.0095670000000041,0.13469699999999563,0.16069500000000048,0.46645451000000004
-16.2,31.744162,-32.208416,-16.36914,0.10328723,31.959314,-32.163788,-16.2,-0.20818987,0.2151519999999998,0.044628000000003,0.1691400000000023,0.3114771
-16.1,31.290579,-32.393738,-15.604486,-0.14163977,31.737934,-32.008965,-16.1,-0.17654237,0.44735499999999817,0.3847729999999956,0.4955140000000018,0.034902600000000006
-16.0,31.541817,-31.90914,-16.16006,-0.5188936,31.52117,-31.856049,-16.0,-0.13785668,0.020647000000000304,0.053091000000002,0.16006000000000142,0.38103691999999995
-15.9,31.377129,-31.849277,-15.54072,0.083608545,31.30919,-31.70457,-15.9,-0.09367507,0.06793899999999908,0.14470700000000036,0.35928000000000004,0.177283615
-15.8,31.465273,-31.789133,-15.530875,-0.0038458784,31.102116,-31.554047,-15.8,-0.045758933,0.36315700000000106,0.23508599999999902,0.2691250000000007,0.0419130546
-15.7,30.581562,-31.266651,-16.140867,-0.3180933,30.900017,-31.403982,-15.7,0.0039814655,0.3184549999999966,0.13733099999999965,0.4408670000000008,0.3220747655
-15.6,30.277567,-31.492805,-15.58734,-0.08732379,30.702911,-31.253878,-15.6,0.053563137,0.42534399999999906,0.23892700000000033,0.012660000000000338,0.140886927
-15.5,30.291279,-31.408848,-15.601471,0.44567823,30.510773,-31.103233,-15.5,0.10100941,0.21949400000000097,0.3056149999999995,0.10147100000000009,0.34466882
-15.4,30.506998,-31.34851,-15.176161,0.022070993,30.323524,-30.95156,-15.4,0.14442876,0.18347400000000036,0.39695000000000036,0.2238389999999999,0.12235776699999999
-15.3,30.038458,-30.641222,-15.519996,0.09844557,30.141035,-30.79837,-15.3,0.1820902,0.10257700000000014,0.1571479999999994,0.21999600000000008,0.08364463000000001
-15.2,30.419271,-30.306372,-15.377739,-0.06104431,29.96313,-30.6432,-15.2,0.21249226,0.4561409999999988,0.33682800000000057,0.17773900000000076,0.27353657
-15.1,29.629843,-30.895721,-15.373958,0.39804256,29.789593,-30.485598,-15.1,0.23442294,0.15974999999999895,0.41012300000000224,0.27395800000000037,0.16361962
-15.0,29.853884,-30.701433,-15.476767,0.51364607,29.620155,-30.325144,-15.0,0.2470079,0.2337290000000003,0.3762889999999999,0.4767670000000006,0.26663816999999995
-14.9,29.217709,-30.033648,-14.589854,0.24456862,29.454514,-30.16144,-14.9,0.24974546,0.23680500000000038,0.12779199999999946,0.3101459999999996,0.005176840000000016
-14.8,29.09884,-29.696539,-14.819253,0.48858148,29.292324,-29.994125,-14.8,0.24252643,0.19348400000000154,0.297585999999999,0.019252999999999076,0.24605505000000003
-14.7,28.667645,-29.410593,-14.359352,-0.1469725,29.133207,-29.822874,-14.7,0.22563866,0.4655619999999985,0.4122810000000001,0.34064799999999984,0.37261116
-14.6,28.79126,-29.465576,-14.203665,0.042427503,28.976757,-29.647396,-14.6,0.19975537,0.18549699999999802,0.18182000000000187,0.39633499999999877,0.15732786699999998
-14.5,28.435364,-29.353567,-14.059407,0.11133349,28.822538,-29.467447,-14.5,0.16590847,0.3871740000000017,0.1138799999999982,0.4405929999999998,0.05457498000000001
-14.4,28.961216,-28.957647,-14.142215,0.38398743,28.670092,-29.28283,-14.4,0.12544732,0.29112399999999994,0.3251829999999991,0.25778500000000015,0.25854011
-14.3,28.921854,-29.341013,-14.107099,0.294356,28.518942,-29.093386,-14.3,0.07998499,0.4029120000000006,0.24762700000000137,0.19290100000000088,0.21437101
-14.2,28.232948,-28.592756,-14.505439,-0.37056503,28.368605,-28.899014,-14.2,0.031333905,0.13565699999999836,0.3062579999999997,0.30543900000000157,0.401898935
-14.1,28.210249,-29.126505,-14.419173,0.02287512,28.218578,-28.699656,-14.1,-0.01856636,0.008328999999999809,0.4268490000000007,0.31917300000000104,0.04144148
-14.0,28.152843,-28.66428,-14.1337805,-0.27583477,28.068369,-28.495304,-14.0,-0.06772645,0.08447400000000016,0.16897600000000068,0.1337805000000003,0.20810832
-13.9,27.976458,-27.830526,-14.347666,-0.048467655,27.917475,-28.286003,-13.9,-0.114186496,0.05898300000000134,0.4554770000000019,0.4476659999999999,0.065718841
-13.8,27.49858,-27.606556,-13.959812,-0.06256741,27.765408,-28.071848,-13.8,-0.15609428,0.2668280000000003,0.46529199999999804,0.15981199999999873,0.09352687
-13.7,27.319183,-27.805117,-13.305638,-0.6818926,27.611687,-27.852978,-13.7,-0.19177909,0.292504000000001,0.04786100000000104,0.3943619999999992,0.4901135099999999
-13.6,26.959885,-27.46691,-13.460358,-0.35765544,27.455853,-27.629581,-13.6,-0.21981826,0.4959680000000013,0.16267100000000312,0.13964200000000027,0.13783718
-13.5,27.010479,-27.046322,-13.545402,-0.050601155,27.29746,-27.401892,-13.5,-0.23909399,0.2869810000000008,0.35557000000000016,0.045401999999999276,0.188492835
-13.4,27.444553,-27.415642,-13.1895275,-0.6999692,27.136097,-27.170187,-13.4,-0.24883777,0.3084559999999996,0.24545499999999976,0.21047249999999984,0.45113142999999994
-13.3,26.477736,-26.918652,-13.590001,0.22568727,26.971375,-26.934784,-13.3,-0.24866119,0.49363899999999816,0.016131999999998925,0.2900010000000002,0.47434845999999997
-13.2,27.011068,-27.134518,-13.620864,-0.65312505,26.802942,-26.696037,-13.2,-0.23857127,0.20812600000000003,0.43848099999999945,0.4208639999999999,0.41455378
-13.1,26.715807,-26.272911,-13.044477,0.031488232,26.630484,-26.45433,-13.1,-0.21897027,0.08532300000000248,0.18141899999999822,0.0555229999999991,0.25045850199999997
-13.0,26.56426,-26.450706,-12.866318,0.30753955,26.453724,-26.210083,-13.0,-0.19063962,0.11053599999999975,0.24062299999999937,0.1336820000000003,0.49817917
-12.9,25.957773,-26.156477,-12.878518,0.1487716,26.27243,-25.963737,-12.9,-0.15470876,0.3146570000000004,0.19274000000000058,0.021482000000000667,0.30348036
-12.8,25.722597,-25.995968,-12.422428,-0.492448,26.086416,-25.715755,-12.8,-0.11261015,0.36381899999999945,0.2802129999999998,0.3775720000000007,0.37983785
-12.7,25.730907,-25.139296,-13.033004,0.051321585,25.895542,-25.466616,-12.7,-0.06602213,0.16463500000000053,0.3273199999999967,0.33300400000000074,0.117343715
-12.6,25.571356,-25.608099,-12.2511425,0.3909315,25.699717,-25.216812,-12.6,-0.016802019,0.12836099999999817,0.3912869999999984,0.3488574999999994,0.407733519
-12.5,25.54436,-25.107195,-12.507834,-0.17399704,25.4989,-24.966839,-12.5,0.03308794,0.045460000000002054,0.1403560000000006,0.007834000000000785,0.20708498
-12.4,25.1135,-24.686323,-12.226825,0.027632099,25.293097,-24.717197,-12.4,0.08165878,0.17959700000000112,0.03087399999999718,0.17317500000000052,0.054026681
-12.3,25.348244,-24.475128,-11.995999,0.1656311,25.082367,-24.468384,-12.3,0.12697415,0.2658769999999997,0.0067440000000011935,0.3040010000000013,0.038656949999999995
-12.2,24.936493,-24.30999,-12.45788,0.1577437,24.866817,-24.220886,-12.2,0.16722746,0.06967599999999763,0.08910399999999896,0.2578800000000001,0.009483760000000008
-12.1,25.083504,-23.531492,-12.261272,-0.0016530884,24.646603,-23.975176,-12.1,0.20081393,0.4369010000000024,0.4436840000000011,0.1612720000000003,0.2024670184
-12.0,24.11862,-23.903694,-11.718515,0.3499292,24.421926,-23.731714,-12.0,0.2263946,0.3033059999999992,0.17198000000000135,0.281485,0.1235346
-11.9,24.248436,-23.587065,-11.686815,0.41648862,24.193035,-23.49093,-11.9,0.2429496,0.055401000000003364,0.0961350000000003,0.21318500000000107,0.17353902
-11.8,24.016615,-23.546015,-11.714512,0.66258484,23.960217,-23.253237,-11.8,0.249819,0.0563980000000015,0.292778000000002,0.08548800000000156,0.41276583999999994
-11.7,23.320929,-22.805626,-12.198936,-0.02240543,23.723799,-23.019009,-11.7,0.24672888,0.40287000000000006,0.21338300000000032,0.4989360000000005,0.26913431
-11.6,23.880903,-22.600348,-11.964934,-0.03453156,23.484144,-22.788586,-11.6,0.23380248,0.3967589999999994,0.18823799999999835,0.36493399999999987,0.26833404
-11.5,23.497711,-22.521463,-11.5062065,0.5677128,23.241652,-22.562273,-11.5,0.21155511,0.2560590000000005,0.04081000000000046,0.0062064999999993375,0.35615769
-11.4,23.424501,-22.17204,-11.757312,-0.3188679,22.996746,-22.340336,-11.4,0.18087369,0.42775499999999766,0.16829600000000156,0.3573120000000003,0.49974158999999996
-11.3,22.485634,-21.810442,-11.082408,0.119056836,22.749872,-22.12299,-11.3,0.14298141,0.26423799999999886,0.31254800000000316,0.21759200000000156,0.023924574000000004
-11.2,22.158628,-21.716888,-11.555117,-0.34085307,22.501503,-21.910412,-11.2,0.09938892,0.3428749999999994,0.19352400000000003,0.3551169999999999,0.44024198999999997
-11.1,22.532522,-21.403929,-10.899252,0.21685402,22.252117,-21.702724,-11.1,0.051834106,0.2804050000000018,0.29879499999999837,0.20074799999999904,0.16501991400000002
-11.0,22.341274,-21.440613,-10.796314,0.22407265,22.002213,-21.500006,-11.0,0.0022128273,0.3390609999999974,0.05939300000000003,0.20368599999999937,0.22185982270000001
-10.9,21.529554,-21.288595,-10.905359,-0.24584216,21.752285,-21.302282,-10.9,-0.04749667,0.22273099999999957,0.013687000000000893,0.005359000000000336,0.19834549
-10.8,21.09595,-21.535612,-10.97698,-0.57189953,21.502834,-21.109531,-10.8,-0.095312625,0.4068840000000016,0.42608099999999993,0.17697999999999858,0.47658690500000006
-10.7,21.697912,-21.374477,-10.89252,-0.047246568,21.254354,-20.921682,-10.7,-0.13932876,0.44355799999999945,0.4527949999999983,0.19252000000000002,0.092082192
-10.6,20.96303,-20.33526,-10.124289,0.1746914,21.007332,-20.738613,-10.6,-0.1777903,0.04430200000000184,0.4033529999999992,0.47571100000000044,0.3524817
-10.5,21.038134,-20.26395,-10.852309,-0.31222168,20.762232,-20.560152,-10.5,-0.2091639,0.27590199999999854,0.2962019999999974,0.352309,0.10305777999999999
-10.4,20.243206,-20.050976,-10.682611,-0.36040372,20.519508,-20.386087,-10.4,-0.2321988,0.2763019999999976,0.33511100000000127,0.2826109999999993,0.12820491999999997
-10.3,20.255909,-20.585495,-9.98029,-0.18458326,20.279587,-20.216158,-10.3,-0.24597667,0.02367800000000031,0.3693370000000016,0.3197100000000006,0.06139341000000001
-10.2,19.582912,-19.752676,-10.475182,-0.43359447,20.042868,-20.050062,-10.2,-0.24994822,0.45995599999999826,0.2973859999999995,0.2751820000000009,0.18364625
-10.1,19.370066,-19.482843,-9.706017,-0.080372296,19.809715,-19.887465,-10.1,-0.24395514,0.4396489999999993,0.4046219999999998,0.3939830000000004,0.163582844
-10.0,20.072577,-19.489513,-10.058358,0.24360992,19.580463,-19.72799,-10.0,-0.22823632,0.4921139999999973,0.2384769999999996,0.05835800000000013,0.47184624
-9.9,19.6761,-19.831825,-9.661298,-0.13811694,19.355404,-19.571232,-9.9,-0.20341843,0.32069600000000165,0.2605930000000001,0.23870199999999997,0.06530149000000002
-9.8,19.284739,-19.574781,-9.431196,0.28410357,19.134787,-19.41676,-9.8,-0.1704909,0.14995199999999897,0.15802100000000152,0.3688040000000008,0.45459447000000003
-9.7,19.058212,-18.926718,-9.263311,-0.39468098,18.918818,-19.26412,-9.7,-0.13076644,0.13939399999999935,0.3374019999999973,0.43668899999999944,0.26391454000000003
-9.6,19.146034,-19.605854,-10.092775,-0.11615117,18.707657,-19.112837,-9.6,-0.08582873,0.43837699999999913,0.4930170000000018,0.49277499999999996,0.030322439999999992
-9.5,18.636082,-18.725649,-9.194448,0.057054125,18.501413,-18.962425,-9.5,-0.0374693,0.13466899999999882,0.236775999999999,0.3055520000000005,0.094523425
-9.4,18.330507,-18.767792,-9.26504,0.34872243,18.300154,-18.812387,-9.4,0.01238391,0.03035300000000163,0.04459500000000105,0.13495999999999952,0.33633852000000003
-9.3,18.04734,-19.009575,-9.648047,0.41504073,18.103888,-18.662228,-9.3,0.061743416,0.05654800000000293,0.34734700000000274,0.34804699999999933,0.35329731400000003
-9.2,17.831709,-18.887852,-9.356181,-0.2593116,17.912579,-18.511444,-9.2,0.10864141,0.08087000000000089,0.37640799999999786,0.15618100000000013,0.36795300999999997
-9.1,18.091381,-18.2001,-8.984978,0.22550505,17.72614,-18.359549,-9.1,0.1512082,0.3652409999999975,0.15944900000000217,0.11502199999999974,0.07429685000000003
-9.0,17.279009,-18.00246,-8.69369,0.24083145,17.544436,-18.206059,-9.0,0.18774681,0.2654270000000025,0.20359900000000053,0.30630999999999986,0.053084640000000016
-8.9,17.799309,-17.802477,-8.641598,0.7065497,17.367283,-18.05051,-8.9,0.21680054,0.43202600000000047,0.2480329999999995,0.25840200000000024,0.4897491599999999
-8.8,17.383955,-18.00152,-8.927293,-0.19034003,17.194454,-17.892458,-8.8,0.23721112,0.18950099999999992,0.109061999999998,0.12729299999999988,0.42755115
-8.7,16.597107,-17.40592,-8.726125,0.23579614,17.025677,-17.731485,-8.7,0.24816485,0.42857000000000056,0.325565000000001,0.026125000000000398,0.012368710000000005
-8.6,16.546343,-17.703665,-8.885028,0.33037788,16.86064,-17.567198,-8.6,0.24922502,0.3142969999999998,0.13646699999999967,0.2850280000000005,0.08115286000000002
-8.5,17.167364,-17.752602,-8.30539,0.33593923,16.698994,-17.399244,-8.5,0.24034937,0.4683700000000002,0.35335800000000006,0.19461000000000084,0.09558985999999997
-8.4,16.093102,-16.918701,-8.525435,0.11099869,16.540356,-17.227299,-8.4,0.22189176,0.44725400000000093,0.30859799999999993,0.12543499999999952,0.11089307
-8.3,16.103878,-16.877802,-8.572217,-0.0810489,16.384312,-17.051086,-8.3,0.19458802,0.28043399999999963,0.17328400000000244,0.2722169999999995,0.27563692
-8.2,15.746574,-16.957348,-8.436194,0.07858246,16.230423,-16.870365,-8.2,0.15952668,0.48384899999999753,0.08698300000000003,0.23619400000000113,0.08094422
-8.1,15.582306,-16.944826,-7.82068,0.036169287,16.078228,-16.684944,-8.1,0.11810549,0.4959219999999984,0.2598819999999975,0.27931999999999935,0.08193620299999999
-8.0,16.414562,-16.00641,-7.6288624,0.5662069,15.92725,-16.494678,-8.0,0.07197583,0.4873119999999993,0.4882680000000015,0.37113759999999996,0.49423106999999994
-7.9,16.137983,-15.991172,-8.225133,-0.2316124,15.7769985,-16.29947,-7.9,0.022976713,0.36098449999999893,0.30829799999999885,0.32513299999999923,0.254589113
-7.8,15.229189,-15.626455,-7.968554,0.44375187,15.626978,-16.099272,-7.8,-0.026938412,0.3977889999999995,0.47281699999999915,0.16855400000000031,0.470690282
-7.7,15.616413,-15.665973,-7.7632246,-0.18302464,15.4766865,-15.894084,-7.7,-0.07577959,0.1397265000000001,0.22811100000000017,0.06322459999999985,0.10724505
-7.6,15.097614,-16.081308,-7.2120543,0.010636473,15.32563,-15.68396,-7.6,-0.121599674,0.22801600000000022,0.39734799999999915,0.3879456999999995,0.132236147
-7.5,15.170431,-15.791869,-7.5496445,-0.6327828,15.173318,-15.469,-7.5,-0.16257197,0.002886999999999418,0.32286900000000074,0.04964450000000031,0.47021082999999997
-7.4,14.878976,-15.018995,-7.328601,-0.1484294,15.019274,-15.249354,-7.4,-0.19706301,0.1402979999999996,0.23035899999999998,0.07139900000000043,0.04863361000000002
-7.3,14.421107,-15.070971,-7.6536365,-0.1061275,14.863039,-15.025218,-7.3,-0.2236978,0.4419320000000013,0.04575299999999949,0.35363650000000035,0.1175703
-7.2,14.863264,-14.749033,-6.8203835,-0.20960827,14.704176,-14.796834,-7.2,-0.24141444,0.15908799999999879,0.04780099999999976,0.3796165,0.031806169999999995
-7.1,14.070099,-14.674672,-7.492106,-0.45676327,14.5422735,-14.564485,-7.1,-0.24950667,0.4721744999999995,0.11018699999999981,0.39210600000000007,0.20725659999999999
-7.0,14.589213,-14.497041,-7.154825,-0.06690998,14.376951,-14.328493,-7.0,-0.24765185,0.21226200000000084,0.16854799999999948,0.15482499999999977,0.18074187000000003
-6.9,13.72398,-13.691697,-6.480628,0.26347908,14.207863,-14.08922,-6.9,-0.23592392,0.4838830000000005,0.3975229999999996,0.4193720000000001,0.499403
-6.8,14.393147,-13.8938265,-6.9007196,-0.019564947,14.0346985,-13.847056,-6.8,-0.21479045,0.3584485000000015,0.04677049999999916,0.10071960000000058,0.195225503
-6.7,13.849966,-13.1873455,-6.839167,-0.44084644,13.857192,-13.602425,-6.7,-0.18509397,0.0072259999999992885,0.41507950000000093,0.1391669999999996,0.25575247
-6.6,14.021013,-13.8100815,-6.740013,-0.5409074,13.675117,-13.355771,-6.6,-0.14801838,0.34589599999999976,0.45431050000000006,0.1400130000000006,0.39288902000000003
-6.5,13.683014,-13.57312,-6.343632,-0.13636306,13.488294,-13.10756,-6.5,-0.10504176,0.19472000000000023,0.46556,0.15636799999999962,0.03132130000000001
-6.4,13.447332,-12.517593,-6.2333894,-0.16058826,13.296593,-12.858274,-6.4,-0.057877455,0.15073899999999973,0.340681,0.16661060000000028,0.10271080500000002
-6.3,13.583929,-12.297417,-6.47137,-0.22272846,13.099929,-12.608407,-6.3,-0.008405762,0.484,0.3109900000000003,0.17137000000000047,0.21432269799999998
-6.2,12.84962,-12.0087805,-6.4169145,0.14366315,12.898271,-12.358456,-6.2,0.041401044,0.048650999999999556,0.34967550000000003,0.21691449999999968,0.10226210599999999
-6.1,12.38746,-11.696795,-5.98529,-0.33892706,12.691634,-12.108919,-6.1,0.08955732,0.3041739999999997,0.4121240000000004,0.11470999999999965,0.42848438
-6.0,12.770117,-11.887695,-5.5694,0.6109282,12.480085,-11.860292,-6.0,0.13414323,0.29003200000000007,0.0274030000000014,0.4306000000000001,0.47678497000000003
-5.9,12.19691,-11.479572,-6.3188567,0.36211476,12.26374,-11.613062,-5.9,0.17338127,0.0668299999999995,0.1334900000000001,0.4188567000000001,0.18873348999999998
-5.8,11.574714,-11.649666,-5.5815163,0.40015438,12.04276,-11.367699,-5.8,0.20570715,0.4680459999999993,0.28196699999999986,0.21848370000000017,0.19444722999999997
-5.7,11.610783,-10.886972,-5.7935023,0.59391856,11.817356,-11.124658,-5.7,0.22983213,0.20657300000000056,0.23768600000000006,0.09350229999999993,0.36408642999999996
-5.6,11.190752,-11.336878,-5.8103137,0.13259691,11.587783,-10.884367,-5.6,0.24479443,0.39703100000000013,0.4525110000000012,0.21031370000000038,0.11219752
-5.5,11.671036,-11.127859,-5.3072863,0.41284594,11.354335,-10.64723,-5.5,0.24999756,0.3167010000000001,0.4806290000000004,0.19271369999999965,0.16284838000000001
-5.4,11.4051485,-10.1569605,-5.3916306,0.09114355,11.117347,-10.413618,-5.4,0.24523406,0.2878014999999987,0.2566574999999993,0.008369400000000304,0.15409051
-5.3,11.164489,-9.940487,-4.9274735,0.5767008,10.877187,-10.1838665,-5.3,0.23069386,0.2873020000000004,0.24337950000000141,0.3725265000000002,0.34600694
-5.2,10.486,-9.530538,-4.9070063,-0.043267846,10.634258,-9.958273,-5.2,0.20695661,0.14825800000000022,0.4277350000000002,0.29299370000000025,0.250224456
-5.1,10.649805,-9.756274,-5.2677565,0.089222156,10.3889885,-9.737093,-5.1,0.17496867,0.2608165000000007,0.01918099999999967,0.1677565000000003,0.085746514
-5.0,10.522831,-9.092859,-4.8167667,0.2228631,10.141831,-9.520538,-5.0,0.13600528,0.3810000000000002,0.4276789999999995,0.18323330000000038,0.08685782
-4.9,10.376054,-9.068665,-4.701068,0.1488276,9.893256,-9.308774,-4.9,0.09161978,0.4827980000000007,0.24010900000000035,0.1989320000000001,0.057207820000000006
-4.8,9.381154,-9.035655,-5.270897,0.12032644,9.643749,-9.101917,-4.8,0.043581694,0.26259499999999925,0.06626200000000004,0.4708969999999999,0.076744746
-4.7,9.4822035,-9.037607,-4.420576,-0.12405812,9.3938055,-8.900039,-4.7,-0.0061938562,0.08839800000000153,0.1375679999999999,0.27942400000000056,0.1178642638
-4.6,9.121017,-8.576267,-4.35842,-0.303996,9.143924,-8.703155,-4.6,-0.05572248,0.02290700000000001,0.126888000000001,0.2415799999999999,0.24827352
-4.5,8.4033785,-8.350241,-4.7953453,0.017843474,8.894602,-8.511235,-4.5,-0.10302962,0.49122350000000026,0.16099399999999875,0.29534530000000014,0.120873094
-4.4,8.859767,-8.344224,-4.759984,0.18434401,8.646334,-8.324199,-4.4,-0.1462293,0.2134330000000002,0.020025000000000404,0.35998399999999986,0.33057331
-4.3,7.954933,-8.244953,-3.8611631,0.23242088,8.3996,-8.141917,-4.3,-0.18359928,0.4446669999999999,0.10303600000000124,0.43883689999999964,0.41602015999999997
-4.2,8.573348,-7.755439,-4.392904,-0.009054876,8.15487,-7.964212,-4.2,-0.21364972,0.4184779999999986,0.20877299999999988,0.19290399999999952,0.204594844
-4.1,8.353645,-8.040879,-4.0032067,-0.20753747,7.912588,-7.7908616,-4.1,-0.23518264,0.4410569999999998,0.25001739999999995,0.09679329999999986,0.027645169999999997
-4.0,8.023236,-7.695794,-4.0911193,0.08292602,7.673178,-7.6215987,-4.0,-0.24733956,0.35005800000000065,0.07419530000000041,0.0911192999999999,0.33026558
-3.9,7.614426,-7.2750063,-3.6341643,0.24788724,7.4370337,-7.456117,-3.9,-0.24963583,0.17739230000000017,0.18111069999999962,0.2658356999999998,0.49752307
-3.8,7.589857,-7.496997,-4.222018,-0.53544486,7.204516,-7.294071,-3.8,-0.24197991,0.3853410000000004,0.2029260000000006,0.42201800000000045,0.29346495000000006
-3.7,6.9436646,-6.8622985,-4.0255666,-0.072027445,6.97595,-7.135082,-3.7,-0.22467703,0.03228540000000013,0.27278350000000007,0.32556660000000015,0.152649585
-3.6,6.7658954,-7.168956,-3.423373,-0.39109442,6.751621,-6.9787397,-3.6,-0.19841696,0.014274399999999687,0.19021629999999945,0.17662699999999987,0.19267746
-3.5,6.7666287,-6.8240495,-3.6156268,0.12181739,6.5317717,-6.8246083,-3.5,-0.16424665,0.23485699999999987,0.0005588000000003035,0.11562679999999981,0.28606403999999996
-3.4,5.898167,-6.720013,-3.2357028,-0.23261862,6.316601,-6.6722293,-3.4,-0.12352834,0.4184340000000004,0.047783700000000096,0.16429720000000003,0.10909028
-3.3,6.280164,-6.118162,-3.3633964,-0.43865138,6.1062603,-6.521127,-3.3,-0.07788534,0.17390370000000033,0.402965,0.06339640000000024,0.36076604
-3.2,5.76,-6.7660937,-3.2510889,0.18313624,5.9008527,-6.370813,-3.2,-0.0291373,0.14085269999999994,0.3952806999999998,0.05108889999999988,0.21227354
-3.1,5.418435,-6.2593627,-3.4713101,0.22197495,5.7004323,-6.2207904,-3.1,0.020772351,0.28199730000000045,0.03857229999999934,0.3713101000000001,0.201202599
-3.0,5.4701414,-5.8471675,-2.700972,0.36851138,5.505004,-6.07056,-3.0,0.06985387,0.03486259999999941,0.2233925000000001,0.29902799999999985,0.29865751
-2.9,4.9652553,-5.434099,-3.2628646,-0.14994985,5.314521,-5.919625,-2.9,0.11615054,0.3492657000000001,0.4855260000000001,0.3628646,0.26610038999999996
-2.8,5.526654,-6.1166887,-2.370068,0.6138541,5.1288886,-5.767494,-2.8,0.15781666,0.39776539999999994,0.34919469999999997,0.429932,0.45603743999999996
-2.7,5.284998,-6.027501,-2.9662678,0.3741298,4.9479637,-5.61369,-2.7,0.19319113,0.3370343,0.41381099999999993,0.2662677999999996,0.18093867000000002
-2.6,4.7569823,-5.008618,-2.23787,0.08165933,4.7715554,-5.457751,-2.6,0.22086367,0.014573099999999783,0.4491329999999998,0.36213000000000006,0.13920434
-2.5,4.2834992,-5.014349,-2.1700747,0.29023385,4.599428,-5.2992363,-2.5,0.23973107,0.3159288,0.2848872999999994,0.3299253000000002,0.050502780000000025
-2.4,4.191226,-4.7433724,-2.6651213,0.58884114,4.431303,-5.1377316,-2.4,0.24904115,0.24007699999999943,0.39435920000000024,0.2651213000000001,0.33979999
-2.3,4.3178387,-5.33609,-1.8943019,-0.14863284,4.266862,-4.9728527,-2.3,0.24842276,0.05097670000000054,0.36323730000000065,0.40569809999999973,0.39705559999999995
-2.2,3.8973043,-5.073695,-1.905655,-0.117682084,4.1057496,-4.8042483,-2.2,0.23790053,0.20844530000000017,0.2694466999999996,0.2943450000000001,0.355582614
-2.1,3.844888,-5.061652,-1.6684194,0.05557271,3.947577,-4.6316047,-2.1,0.21789394,0.10268899999999981,0.4300473,0.4315806,0.16232123
-2.0,4.270921,-4.5097136,-1.6928682,-0.12205349,3.7919266,-4.4546485,-2.0,0.18920062,0.4789944000000004,0.0550651000000002,0.30713180000000007,0.31125411000000003
-1.9,3.6676173,-3.9402707,-2.2605774,0.25310782,3.6383553,-4.27315,-1.9,0.15296447,0.029261999999999677,0.3328793000000001,0.36057739999999994,0.10014334999999999
-1.8,2.9909992,-4.1481814,-1.5290474,0.20970975,3.486399,-4.0869236,-1.8,0.11063011,0.49539979999999995,0.06125779999999992,0.2709526,0.09907964
-1.7,3.8140242,-3.8295608,-1.8965964,0.5272478,3.3355777,-3.8958323,-1.7,0.06388528,0.4784465,0.06627150000000004,0.1965964,0.46336252000000006
-1.6,3.540481,-4.162029,-1.7526071,-0.35989845,3.1854002,-3.699787,-1.6,0.014593536,0.3550808000000001,0.46224200000000026,0.1526071,0.374491986
-1.5,3.1611423,-3.7539537,-1.4539124,0.21239683,3.0353687,-3.4987476,-1.5,-0.03528,0.12577360000000004,0.25520609999999966,0.046087599999999895,0.24767683000000001
-1.4,2.979599,-3.5428197,-1.7365232,-0.33532947,2.8849835,-3.2927248,-1.4,-0.08374704,0.09461549999999974,0.2500949000000001,0.3365232,0.25158243
-1.3,3.1970007,-3.0327983,-1.6049827,0.08484627,2.7337494,-3.081779,-1.3,-0.12887534,0.4632512999999996,0.04898069999999999,0.30498270000000005,0.21372161
-1.2,2.156345,-3.0180886,-1.3117605,0.18843833,2.581179,-2.8660195,-1.2,-0.1688658,0.42483400000000016,0.15206909999999985,0.11176050000000015,0.35730413
-1.1,2.4303253,-2.4498148,-1.5527314,-0.6991618,2.426798,-2.6456037,-1.1,-0.2021241,0.003527300000000011,0.19578890000000015,0.4527314,0.4970377
-1.0,2.5588133,-2.1596348,-0.74482834,-0.30854103,2.2701511,-2.4207356,-1.0,-0.22732435,0.2886622000000001,0.2611007999999999,0.25517166,0.08121667999999999
-0.9,2.42053,-1.9010882,-1.022919,0.042806637,2.110805,-2.1916635,-0.9,-0.2434619,0.3097249999999998,0.2905753000000002,0.12291899999999989,0.286268537
-0.8,2.1837018,-1.9933729,-0.7980047,-0.18901123,1.9483534,-1.958678,-0.8,-0.2498934,0.23534840000000012,0.034694900000000084,0.001995300000000033,0.060882169999999985
-0.7,1.793958,-1.8276277,-0.8285642,-0.16037779,1.7824211,-1.7221088,-0.7,-0.24636243,0.01153689999999985,0.10551890000000008,0.12856420000000002,0.08598464
-0.6,1.2511269,-1.5066501,-0.63735723,-0.16356032,1.6126678,-1.4823213,-0.6,-0.23300977,0.36154090000000005,0.02432880000000015,0.03735723000000002,0.06944945
-0.5,1.4369066,-1.1802436,-0.30000493,-0.121132955,1.4387913,-1.2397127,-0.5,-0.21036774,0.0018847000000001835,0.05946909999999983,0.19999507,0.089234785
-0.4,1.2836223,-1.3788683,-0.30024347,-0.35375693,1.2605305,-0.9947092,-0.4,-0.17933902,0.023091799999999996,0.3841591,0.09975653000000001,0.17441791000000004
-0.3,0.95033836,-0.2582402,0.10269363,-0.44263187,1.0776682,-0.7477601,-0.3,-0.14116062,0.12732983999999992,0.48951990000000006,0.40269362999999997,0.30147124999999997
-0.2,1.234149,-0.7612432,-0.66840786,-0.022807924,0.8900333,-0.49933466,-0.2,-0.09735458,0.3441156999999999,0.26190854,0.46840785999999995,0.07454665599999999
-0.1,0.5073339,0.030493725,-0.25723794,0.055808295,0.6975021,-0.2499167,-0.1,-0.049667332,0.1901682,0.280410425,0.15723794,0.105475627
2.842171e-13,0.22835478,0.21343616,0.094462745,0.11051896,0.5,7.1054274e-13,2.842171e-13,1.4210855e-13,0.27164522,0.21343615999928947,0.09446274499971578,0.11051895999985789
0.1,0.04005638,-0.0316997,-0.13121016,0.23494278,0.29750207,0.2499167,0.1,0.049667332,0.25744569,0.2816164,0.23121016,0.18527544799999998
0.2,-0.116170295,0.16301854,-0.1792003,0.3609613,0.090033285,0.49933466,0.2,0.09735458,0.20620358,0.33631612,0.37920030000000005,0.26360671999999996
0.3,-0.14410558,0.2643344,0.42635018,0.5239853,-0.12233175,0.7477601,0.3,0.14116062,0.021773830000000008,0.4834257,0.12635018000000003,0.38282468000000003
0.4,-0.018686488,0.5643063,0.30977216,0.38640434,-0.3394695,0.9947092,0.4,0.17933902,0.320783012,0.4304028999999999,0.09022784,0.20706532000000002
0.5,-0.4413795,0.9881663,0.4978193,0.0032146838,-0.5612087,1.2397127,0.5,0.21036774,0.11982920000000002,0.25154639999999984,0.00218069999999998,0.2071530562
0.6,-0.6175586,1.8820449,1.0208352,-0.2601493,-0.7873322,1.4823213,0.6,0.23300977,0.16977360000000008,0.39972359999999996,0.4208352000000001,0.49315907000000003
0.7,-1.0624563,1.2783111,0.9332018,0.7424894,-1.017579,1.7221088,0.7,0.24636243,0.04487730000000001,0.44379769999999996,0.23320180000000001,0.49612696999999994
0.8,-1.486655,1.8513117,0.9948174,0.5324051,-1.2516466,1.958678,0.8,0.2498934,0.23500840000000012,0.10736630000000003,0.19481739999999992,0.2825117
0.9,-1.9529256,2.4965255,0.9558106,0.6358609,-1.489195,2.1916635,0.9,0.2434619,0.4637305999999999,0.30486199999999997,0.05581059999999993,0.39239899999999994
1.0,-2.0248842,2.6411245,1.005493,0.15492944,-1.7298489,2.4207356,1.0,0.22732435,0.2950352999999999,0.2203889000000001,0.00549299999999997,0.07239491
1.1,-2.1719763,2.261257,1.4936,0.45722613,-1.973202,2.6456037,1.1,0.2021241,0.19877429999999996,0.38434670000000004,0.39359999999999995,0.25510203
1.2,-2.4825113,2.3822875,1.0333862,0.31480712,-2.218821,2.8660195,1.2,0.1688658,0.26369029999999993,0.4837320000000003,0.16661379999999992,0.14594131999999999
1.3,-2.4125566,3.3891265,0.96063524,0.2150705,-2.4662507,3.081779,1.3,0.12887534,0.05369409999999997,0.3073475000000001,0.33936476000000004,0.08619515999999999
1.4,-3.1176686,3.618113,1.668266,-0.3717605,-2.7150164,3.2927248,1.4,0.08374704,0.4026521999999999,0.32538820000000035,0.2682660000000001,0.45550754
1.5,-2.5229754,3.3590696,1.3678229,0.2531328,-2.9646313,3.4987476,1.5,0.03528,0.4416559000000002,0.13967799999999997,0.13217710000000005,0.21785279999999999
1.6,-3.166895,3.9646695,1.4126757,0.28655607,-3.2145998,3.699787,1.6,-0.014593536,0.04770479999999999,0.2648824999999997,0.1873243,0.301149606
1.7,-3.4735343,4.22455,1.252217,-0.053655006,-3.4644222,3.8958323,1.7,-0.06388528,0.009112099999999845,0.3287176999999999,0.44778300000000004,0.010230274000000004
1.8,-3.4359052,4.5097895,2.1007876,-0.34622872,-3.713601,4.0869236,1.8,-0.11063011,0.27769580000000005,0.4228658999999997,0.3007875999999998,0.23559860999999999
1.9,-3.677896,4.6498003,1.6032369,0.17252213,-3.961645,4.27315,1.9,-0.15296447,0.2837489999999998,0.37665029999999966,0.29676309999999995,0.32548659999999996
2.0,-4.315145,4.0863957,2.337437,-0.33067894,-4.2080736,4.4546485,2.0,-0.18920062,0.1070714000000006,0.3682528000000005,0.337437,0.14147831999999996
2.1,-4.2684345,4.591891,1.9551446,-0.49290818,-4.452423,4.6316047,2.1,-0.21789394,0.1839884999999999,0.039713699999999186,0.1448554000000002,0.27501423999999997
2.2,-4.993769,5.235695,2.2626762,-0.32811776,-4.6942506,4.8042483,2.2,-0.23790053,0.2995184000000002,0.4314466999999995,0.06267619999999985,0.09021722999999998
2.3,-5.2790227,4.9983487,2.6416962,-0.7196921,-4.933138,4.9728527,2.3,-0.24842276,0.34588470000000004,0.025496000000000407,0.34169620000000034,0.47126934
2.4,-4.939616,5.4796505,2.648803,0.08897034,-5.168697,5.1377316,2.4,-0.24904115,0.22908099999999987,0.3419188999999996,0.2488030000000001,0.33801148999999997
2.5,-5.545062,5.4514318,2.3285666,-0.13392949,-5.400572,5.2992363,2.5,-0.23973107,0.14448999999999934,0.15219550000000037,0.17143340000000018,0.10580157999999998
2.6,-5.8593044,5.6921225,2.4648361,-0.05125017,-5.628444,5.457751,2.6,-0.22086367,0.23086040000000008,0.23437149999999995,0.13516390000000023,0.16961350000000003
2.7,-5.4164214,5.7853413,2.399775,0.17156993,-5.852036,5.61369,2.7,-0.19319113,0.4356146000000001,0.17165129999999973,0.3002250000000002,0.36476105999999997
2.8,-6.4128246,6.2258534,2.435753,0.106000185,-6.071111,5.767494,2.8,-0.15781666,0.3417136000000003,0.4583594,0.36424699999999977,0.263816845
2.9,-6.0589466,6.3037295,3.3199935,-0.51519614,-6.285479,5.919625,2.9,-0.11615054,0.22653239999999997,0.3841045000000003,0.4199934999999999,0.3990456
3.0,-6.3061996,5.824478,3.0213351,0.34545246,-6.494996,6.07056,3.0,-0.06985387,0.1887964000000002,0.24608200000000036,0.02133509999999994,0.41530633
3.1,-6.462713,6.409367,2.6278996,-0.45228106,-6.699568,6.2207904,3.1,-0.020772351,0.23685500000000026,0.18857659999999932,0.4721004,0.431508709
3.2,-6.756211,6.6209755,2.9763892,-0.44130716,-6.8991475,6.370813,3.2,0.0291373,0.14293649999999936,0.25016250000000007,0.22361080000000033,0.47044445999999995
3.3,-7.535113,6.407362,3.5542495,-0.08334593,-7.09374,6.521127,3.3,0.07788534,0.44137299999999957,0.1137649999999999,0.25424950000000024,0.16123126999999998
3.4,-6.979451,6.644011,3.0553632,0.0013619616,-7.283399,6.6722293,3.4,0.12352834,0.3039480000000001,0.028218299999999807,0.34463679999999997,0.1221663784
3.5,-7.1831183,7.1670203,3.695282,-0.19611232,-7.4682283,6.8246083,3.5,0.16424665,0.28510999999999953,0.3424119999999995,0.19528200000000018,0.36035897
3.6,-7.7492247,6.493291,3.2864027,-0.15205123,-7.6483793,6.9787397,3.6,0.19841696,0.10084539999999986,0.48544870000000007,0.3135973000000001,0.35046819
3.7,-8.166058,7.536417,3.5276256,0.5523989,-7.82405,7.135082,3.7,0.22467703,0.34200799999999987,0.40133500000000044,0.17237440000000026,0.32772187
3.8,-8.443102,7.02371,3.7552803,0.33335227,-7.995484,7.294071,3.8,0.24197991,0.4476179999999994,0.2703609999999994,0.04471969999999992,0.09137236000000001
3.9,-8.515413,7.3003263,3.7917917,-0.17881162,-8.162966,7.456117,3.9,0.24963583,0.35244699999999973,0.15579069999999984,0.10820829999999981,0.42844745
4.0,-8.456335,7.442317,4.1470876,0.13106656,-8.326822,7.6215987,4.0,0.24733956,0.12951299999999932,0.17928169999999977,0.14708759999999987,0.11627300000000002
4.1,-8.67732,7.528406,3.9410326,0.591159,-8.4874115,7.7908616,4.1,0.23518264,0.1899084999999996,0.2624556,0.15896739999999943,0.35597636
4.2,-8.995457,7.5609956,4.467154,0.4992898,-8.64513,7.964212,4.2,0.21364972,0.35032700000000006,0.4032163999999998,0.26715399999999967,0.28564008
4.3,-9.22787,8.090848,4.2240014,-0.27975464,-8.8004,8.141917,4.3,0.18359928,0.4274699999999996,0.05106900000000003,0.07599860000000014,0.46335392
4.4,-9.040454,8.777628,4.116486,-0.013107043,-8.953667,8.324199,4.4,0.1462293,0.08678700000000106,0.45342899999999986,0.28351400000000027,0.15933634300000002
4.5,-9.453603,8.192489,4.1129637,0.5469513,-9.105398,8.511235,4.5,0.10302962,0.3482050000000001,0.3187459999999991,0.3870363000000001,0.44392168000000004
4.6,-9.360153,8.840526,4.6773286,0.27461666,-9.256076,8.703155,4.6,0.05572248,0.1040770000000002,0.1373709999999999,0.07732860000000041,0.21889418000000002
4.7,-8.952039,9.021653,5.047481,-0.46853915,-9.406195,8.900039,4.7,0.0061938562,0.4541560000000011,0.121614000000001,0.34748100000000015,0.47473300620000003
4.8,-9.532464,8.620599,5.012731,-0.09327436,-9.556251,9.101917,4.8,-0.043581694,0.023787000000000447,0.4813179999999999,0.21273099999999978,0.049692666
4.9,-9.513928,9.606006,4.88599,-0.061271466,-9.706744,9.308774,4.9,-0.09161978,0.19281600000000054,0.29723200000000105,0.014010000000000744,0.030348314
5.0,-9.9565735,9.934185,4.595946,0.19906275,-9.858169,9.520538,5.0,-0.13600528,0.09840449999999912,0.4136469999999992,0.40405400000000036,0.33506803
5.1,-10.1558275,10.112978,5.125594,-0.42274916,-10.011011,9.737093,5.1,-0.17496867,0.14481649999999924,0.37588500000000025,0.025594000000000783,0.24778049000000002
5.2,-9.805291,10.179682,5.6452546,-0.6963292,-10.165742,9.958273,5.2,-0.20695661,0.3604509999999994,0.22140899999999952,0.44525460000000017,0.48937259
5.3,-10.727592,9.816332,5.6217585,0.05899392,-10.322813,10.1838665,5.3,-0.23069386,0.40477899999999956,0.36753450000000143,0.3217585000000005,0.28968778
5.4,-10.567238,9.958612,5.397447,-0.2292441,-10.482654,10.413618,5.4,-0.24523406,0.08458399999999955,0.45500599999999913,0.0025530000000006936,0.015989959999999998
5.5,-10.688689,10.213659,5.381006,-0.61987656,-10.645665,10.64723,5.5,-0.24999756,0.04302400000000084,0.4335710000000006,0.11899399999999982,0.369879
5.6,-10.963025,11.187377,5.3071666,0.18401627,-10.812217,10.884367,5.6,-0.24479443,0.1508079999999996,0.30301000000000045,0.29283339999999924,0.4288107
5.7,-10.581513,10.789379,6.0118165,-0.6379255,-10.982644,11.124658,5.7,-0.22983213,0.40113100000000124,0.3352789999999999,0.31181649999999994,0.40809337
5.8,-11.139885,11.025359,6.1182313,0.28692943,-11.15724,11.367699,5.8,-0.20570715,0.01735500000000023,0.3423400000000001,0.3182312999999999,0.49263658
5.9,-11.474959,11.739845,6.3487425,-0.5516853,-11.336261,11.613062,5.9,-0.17338127,0.13869799999999977,0.12678300000000142,0.4487424999999998,0.37830403
6.0,-11.21031,12.161634,5.5327716,0.14175631,-11.519915,11.860292,6.0,-0.13414323,0.30960499999999946,0.301342,0.46722839999999977,0.27589954
6.1,-11.406131,12.300687,5.8701773,-0.38636124,-11.708365,12.108919,6.1,-0.08955732,0.30223400000000034,0.19176799999999972,0.2298226999999997,0.29680392
6.2,-12.191167,12.117546,6.452319,-0.19239196,-11.901729,12.358456,6.2,-0.041401044,0.28943800000000053,0.2409099999999995,0.25231899999999996,0.150990916
6.3,-12.202671,12.24383,6.6738214,-0.24922097,-12.100071,12.608407,6.3,0.008405762,0.10260000000000069,0.3645769999999988,0.37382139999999975,0.257626732
6.4,-12.688099,13.125281,6.6161866,-0.19001625,-12.303408,12.858274,6.4,0.057877455,0.3846910000000001,0.26700699999999955,0.21618659999999945,0.247893705
6.5,-12.164364,13.605263,6.175998,0.019376835,-12.511706,13.10756,6.5,0.10504176,0.3473419999999994,0.49770300000000134,0.3240020000000001,0.085664925
6.6,-12.51346,13.088284,6.87129,0.05276207,-12.724884,13.355771,6.6,0.14801838,0.21142399999999917,0.2674870000000009,0.2712900000000005,0.09525631000000001
6.7,-13.348775,14.002033,6.889008,0.31506562,-12.942808,13.602425,6.7,0.18509397,0.4059670000000004,0.39960800000000063,0.1890079999999994,0.12997165
6.8,-13.343458,13.8175335,6.58489,0.5997594,-13.165301,13.847056,6.8,0.21479045,0.17815700000000056,0.029522500000000562,0.21511000000000013,0.3849689500000001
6.9,-13.09054,13.601915,7.2626185,0.40211886,-13.392138,14.08922,6.9,0.23592392,0.3015979999999985,0.4873049999999992,0.36261849999999995,0.16619494
7.0,-13.440375,14.3755665,6.8606334,0.5205858,-13.623049,14.328493,7.0,0.24765185,0.18267400000000045,0.04707349999999977,0.13936659999999979,0.27293395
7.1,-13.438077,14.890244,7.2253356,0.0901426,-13.857727,14.564485,7.1,0.24950667,0.41965000000000074,0.3257589999999997,0.12533560000000055,0.15936407000000002
7.2,-14.088579,14.901099,6.9531007,0.23028904,-14.095824,14.796834,7.2,0.24141444,0.007245000000001056,0.10426499999999983,0.24689929999999993,0.011125400000000008
7.3,-13.981621,15.268236,6.8386426,0.31081653,-14.336961,15.025218,7.3,0.2236978,0.35534,0.2430179999999993,0.4613573999999998,0.08711872999999998
7.4,-14.816493,15.081034,6.9987493,0.2956616,-14.580727,15.249354,7.4,0.19706301,0.23576599999999992,0.16831999999999958,0.4012507000000003,0.09859859000000001
7.5,-15.078565,15.49476,7.926474,0.120362505,-14.826682,15.469,7.5,0.16257197,0.2518829999999994,0.025760000000000005,0.4264739999999998,0.042209465000000015
7.6,-15.183642,15.39252,7.5713964,0.2911111,-15.07437,15.68396,7.6,0.121599674,0.1092720000000007,0.2914400000000015,0.028603599999999396,0.16951142600000002
7.7,-15.010559,15.982945,8.072445,0.553409,-15.323313,15.894084,7.7,0.07577959,0.312754,0.08886100000000141,0.3724449999999999,0.47762941000000003
7.8,-15.761508,15.633608,7.99477,-0.30711728,-15.573022,16.099272,7.8,0.026938412,0.18848599999999927,0.4656639999999985,0.1947700000000001,0.334055692
7.9,-15.499742,16.542248,8.078628,-0.4491541,-15.823001,16.29947,7.9,-0.022976713,0.3232590000000002,0.24277800000000127,0.1786279999999998,0.426177387
8.0,-16.44094,16.228367,8.425793,0.14855391,-16.07275,16.494678,8.0,-0.07197583,0.368190000000002,0.26631100000000174,0.42579300000000053,0.22052974000000003
8.1,-16.31458,16.75469,8.368008,0.19977486,-16.321772,16.684944,8.1,-0.11810549,0.007191999999999865,0.06974599999999853,0.268008,0.31788035
8.2,-16.91506,17.342478,7.812209,0.17933775,-16.569578,16.870365,8.2,-0.15952668,0.3454820000000005,0.4721130000000002,0.3877909999999991,0.33886443
8.3,-16.331766,17.182362,7.8358,-0.40672845,-16.81569,17.051086,8.3,-0.19458802,0.4839240000000018,0.13127599999999973,0.46420000000000083,0.21214043000000002
8.4,-16.742565,17.614395,8.697577,0.04541092,-17.059645,17.227299,8.4,-0.22189176,0.3170800000000007,0.38709599999999966,0.2975770000000004,0.26730268
8.5,-17.527601,17.5743,8.645949,0.23374027,-17.301006,17.399244,8.5,-0.24034937,0.22659499999999966,0.17505600000000143,0.14594899999999988,0.47408964
8.6,-17.189701,17.435818,8.227275,-0.44056815,-17.53936,17.567198,8.6,-0.24922502,0.34965899999999905,0.13138000000000005,0.3727249999999991,0.19134313
8.7,-17.649586,17.357824,8.589682,0.14727634,-17.774323,17.731485,8.7,-0.24816485,0.12473699999999965,0.37366099999999847,0.11031799999999947,0.39544119
8.8,-18.059519,17.399931,8.885794,-0.68456924,-18.005547,17.892458,8.8,-0.23721112,0.053972000000001685,0.4925270000000026,0.08579399999999993,0.44735811999999997
8.9,-18.275639,18.458288,8.521817,-0.3574315,-18.232718,18.05051,8.9,-0.21680054,0.04292100000000332,0.4077780000000004,0.37818299999999994,0.14063096
9.0,-18.706236,18.137236,9.235469,-0.5341275,-18.455564,18.206059,9.0,-0.18774681,0.25067200000000156,0.0688229999999983,0.23546900000000015,0.34638069
9.1,-18.741985,17.887392,9.441199,-0.086609,-18.67386,18.359549,9.1,-0.1512082,0.06812499999999844,0.4721570000000028,0.3411989999999996,0.06459919999999998
9.2,-18.48747,18.48476,9.627425,0.2953612,-18.887423,18.511444,9.2,-0.10864141,0.399953,0.026683999999999486,0.4274250000000013,0.40400261
9.3,-19.533188,18.488611,9.733899,-0.14297304,-19.096113,18.662228,9.3,-0.061743416,0.4370750000000001,0.17361700000000013,0.4338989999999985,0.081229624
9.4,-19.685434,19.105877,9.881403,0.26720044,-19.299847,18.812387,9.4,-0.01238391,0.385587000000001,0.2934899999999985,0.48140300000000025,0.27958435
9.5,-19.716051,18.470484,9.565915,0.12932031,-19.498587,18.962425,9.5,0.0374693,0.21746399999999966,0.49194100000000063,0.06591500000000039,0.09185101
9.6,-19.526997,18.704845,9.773804,0.020657962,-19.692345,19.112837,9.6,0.08582873,0.16534799999999805,0.40799200000000013,0.1738040000000005,0.065170768
9.7,-19.749565,19.675156,9.974682,0.12319272,-19.881182,19.26412,9.7,0.13076644,0.13161699999999854,0.41103600000000284,0.2746820000000003,0.007573720000000006
9.8,-19.789303,18.95006,10.090749,0.6318674,-20.065212,19.41676,9.8,0.1704909,0.2759089999999986,0.46669999999999945,0.2907489999999999,0.46137649999999997
9.9,-20.429346,19.314638,10.233524,0.45083612,-20.244596,19.571232,9.9,0.20341843,0.18474999999999753,0.25659399999999977,0.3335239999999988,0.24741769
10.0,-20.911,19.517511,9.827649,0.1767603,-20.419537,19.72799,10.0,0.22823632,0.4914630000000031,0.21047899999999942,0.1723510000000008,0.05147601999999998
10.1,-20.869558,19.466124,10.108967,-0.010635532,-20.590284,19.887465,10.1,0.24395514,0.2792740000000009,0.4213409999999982,0.00896700000000017,0.25459067199999996
10.2,-20.27364,20.536623,10.216859,-0.15099001,-20.757133,20.050062,10.2,0.24994822,0.4834929999999993,0.48656099999999824,0.01685900000000018,0.40093823
10.3,-21.240631,20.076725,9.859072,-0.13885684,-20.920414,20.216158,10.3,0.24597667,0.32021699999999953,0.13943300000000036,0.4409280000000013,0.38483351
10.4,-21.416916,20.51084,10.044789,0.38799486,-21.080492,20.386087,10.4,0.2321988,0.33642400000000094,0.12475300000000189,0.3552110000000006,0.15579606
10.5,-20.935947,20.486355,10.414769,0.30863875,-21.237768,20.560152,10.5,0.2091639,0.30182100000000034,0.073796999999999,0.08523100000000028,0.09947485
10.6,-21.49581,20.424261,10.128947,-0.034960505,-21.39267,20.738613,10.6,0.1777903,0.10313999999999979,0.3143519999999995,0.4710529999999995,0.21275080500000002
10.7,-21.416311,21.163866,10.758361,0.20620586,-21.545645,20.921682,10.7,0.13932876,0.12933400000000006,0.24218399999999818,0.05836100000000144,0.0668771
10.8,-21.974514,20.844213,11.097915,-0.3612501,-21.697165,21.109531,10.8,0.095312625,0.27734900000000096,0.2653180000000006,0.2979149999999997,0.456562725
10.9,-21.430248,20.830383,10.7432,0.41939595,-21.847715,21.302282,10.9,0.04749667,0.41746700000000203,0.4718990000000005,0.1568000000000005,0.37189928
11.0,-21.527626,21.472301,10.563113,0.144698,-21.997787,21.500006,11.0,-0.0022128273,0.4701609999999974,0.027704999999997426,0.43688700000000047,0.1469108273
11.1,-21.940367,22.159431,11.227488,0.3527,-22.147882,21.702724,11.1,-0.051834106,0.20751500000000078,0.45670700000000153,0.1274879999999996,0.404534106
11.2,-22.07723,21.922667,11.058918,0.11793793,-22.298498,21.910412,11.2,-0.09938892,0.22126799999999847,0.012254999999999683,0.14108199999999904,0.21732685000000002
11.3,-22.840202,21.921732,11.00758,-0.50128406,-22.450127,22.12299,11.3,-0.14298141,0.39007500000000306,0.20125800000000282,0.2924199999999999,0.35830265000000006
11.4,-22.218653,22.834936,11.410645,-0.63258076,-22.603254,22.340336,11.4,-0.18087369,0.38460099999999997,0.4945999999999984,0.010645000000000238,0.45170707
11.5,-22.502756,22.55137,11.016854,0.089239635,-22.758348,22.562273,11.5,-0.21155511,0.25559200000000004,0.01090300000000255,0.48314599999999963,0.300794745
11.6,-22.579548,23.245441,11.280111,-0.16724028,-22.915855,22.788586,11.6,-0.23380248,0.33630700000000147,0.4568550000000009,0.31988899999999987,0.06656220000000002
11.7,-23.059782,22.698883,11.4413,-0.7328322,-23.076202,23.019009,11.7,-0.24672888,0.0164200000000001,0.3201260000000019,0.25869999999999926,0.48610332
11.8,-23.716648,23.52035,11.799036,-0.18357983,-23.239784,23.253237,11.8,-0.249819,0.47686399999999907,0.26711300000000193,0.0009640000000015192,0.06623917000000001
11.9,-23.075888,23.180208,12.281216,-0.05841413,-23.406965,23.49093,11.9,-0.2429496,0.3310770000000005,0.3107219999999984,0.3812160000000002,0.18453546999999998
12.0,-23.161896,23.343134,12.41625,-0.521474,-23.578074,23.731714,12.0,-0.2263946,0.41617800000000216,0.38858000000000104,0.4162499999999998,0.2950794
12.1,-23.939613,23.876675,12.135284,0.06566237,-23.753397,23.975176,12.1,-0.20081393,0.1862160000000017,0.09850100000000239,0.03528400000000076,0.2664763
12.2,-23.50948,24.155764,12.219786,0.31796703,-23.933184,24.220886,12.2,-0.16722746,0.42370400000000075,0.06512199999999879,0.01978599999999986,0.48519449
12.3,-24.46831,23.992142,11.977918,-0.36666742,-24.117634,24.468384,12.3,-0.12697415,0.350676,0.47624199999999917,0.322082,0.23969327
12.4,-24.172283,24.966301,12.5943775,-0.0995046,-24.306904,24.717197,12.4,-0.08165878,0.1346209999999992,0.24910400000000266,0.19437749999999987,0.01784582
12.5,-24.588163,24.602243,12.602649,0.22165512,-24.5011,24.966839,12.5,-0.03308794,0.08706300000000056,0.3645959999999988,0.10264899999999955,0.25474306
12.6,-24.380707,25.066849,12.500277,0.08078157,-24.700283,25.216812,12.6,0.016802019,0.31957599999999786,0.14996299999999962,0.09972299999999912,0.063979551
12.7,-24.640085,25.838152,12.775377,-0.002712101,-24.904457,25.466616,12.7,0.06602213,0.2643720000000016,0.37153600000000253,0.07537700000000136,0.06873423099999999
12.8,-24.918377,25.457916,13.007975,0.33547515,-25.113585,25.715755,12.8,0.11261015,0.19520800000000094,0.2578390000000006,0.20797499999999935,0.22286499999999998
12.9,-25.653263,26.339453,13.3239155,0.6295268,-25.32757,25.963737,12.9,0.15470876,0.32569299999999757,0.3757160000000006,0.42391549999999967,0.47481804000000005
13.0,-25.475664,25.96974,12.557071,0.19596756,-25.546276,26.210083,13.0,0.19063962,0.07061200000000056,0.2403429999999993,0.44292899999999946,0.005327940000000003
13.1,-25.731152,26.687407,12.819364,0.16886872,-25.769516,26.45433,13.1,0.21897027,0.038363999999997844,0.23307700000000153,0.28063599999999944,0.050101549999999995
13.2,-26.445644,26.884226,13.391185,0.4074397,-25.997059,26.696037,13.2,0.23857127,0.44858500000000134,0.18818900000000127,0.19118500000000083,0.16886843
13.3,-25.773245,27.121273,13.403583,0.6342896,-26.228626,26.934784,13.3,0.24866119,0.45538099999999915,0.18648899999999813,0.10358299999999865,0.38562841000000003
13.4,-26.662289,27.60885,13.611903,0.2733398,-26.463903,27.170187,13.4,0.24883777,0.19838600000000284,0.4386630000000018,0.2119029999999995,0.024502030000000008
13.5,-26.31488,27.08055,13.560992,0.115751594,-26.70254,27.401892,13.5,0.23909399,0.38766000000000034,0.32134200000000135,0.0609920000000006,0.123342396
13.6,-26.730398,27.209805,13.286281,0.69450223,-26.944147,27.629581,13.6,0.21981826,0.21374899999999997,0.41977600000000237,0.31371899999999897,0.47468397
13.7,-26.951551,28.036856,13.9806385,0.038592655,-27.188313,27.852978,13.7,0.19177909,0.23676200000000236,0.18387799999999999,0.28063850000000023,0.153186435
13.8,-27.55994,28.209953,13.462333,-0.19533904,-27.434593,28.071848,13.8,0.15609428,0.12534700000000143,0.13810499999999948,0.3376670000000015,0.35143332
13.9,-27.542816,27.977867,13.92335,-0.33083144,-27.682526,28.286003,13.9,0.114186496,0.1397100000000009,0.3081360000000011,0.02334999999999887,0.44501793599999995
14.0,-28.183325,28.380262,14.200884,0.52278435,-27.931631,28.495304,14.0,0.06772645,0.25169400000000053,0.11504200000000253,0.20088400000000028,0.4550579
14.1,-28.36217,28.53437,13.682309,0.2779828,-28.181421,28.699656,14.1,0.01856636,0.18074899999999872,0.16528600000000182,0.4176909999999996,0.25941643999999997
14.2,-28.4435,29.078094,14.072357,-0.5184432,-28.431396,28.899014,14.2,-0.031333905,0.01210400000000078,0.17907999999999902,0.12764299999999906,0.487109295
14.3,-29.103132,28.656578,14.719331,-0.012678009,-28.681057,29.093386,14.3,-0.07998499,0.42207499999999953,0.4368079999999992,0.4193309999999997,0.067306981
14.4,-28.714611,29.317383,14.285191,0.14329328,-28.929909,29.28283,14.4,-0.12544732,0.2152979999999971,0.034552999999998946,0.11480900000000105,0.2687406
14.5,-29.12833,29.522078,14.16365,-0.4427087,-29.177462,29.467447,14.5,-0.16590847,0.049132000000000176,0.05463100000000054,0.3363499999999995,0.27680023
14.6,-29.50127,29.904686,14.447229,0.23565806,-29.423243,29.647396,14.6,-0.19975537,0.07802700000000229,0.25729000000000113,0.15277099999999955,0.43541343
14.7,-29.967949,29.378967,14.435399,0.13890387,-29.666792,29.822874,14.7,-0.22563866,0.3011569999999999,0.4439069999999994,0.264600999999999,0.36454253000000003
14.8,-29.477427,29.555119,14.37681,-0.0513638,-29.907677,29.994125,14.8,-0.24252643,0.4302500000000009,0.4390059999999991,0.42318999999999996,0.19116263
14.9,-30.60605,30.266047,14.512153,-0.63605857,-30.145487,30.16144,14.9,-0.24974546,0.4605630000000005,0.10460700000000145,0.3878470000000007,0.38631311
15.0,-30.711563,30.776638,14.933819,-0.017378539,-30.379845,30.325144,15.0,-0.2470079,0.3317180000000022,0.45149399999999673,0.06618100000000027,0.229629361
15.1,-30.9896,30.417633,15.202181,-0.6444124,-30.610407,30.485598,15.1,-0.23442294,0.3791930000000008,0.06796500000000094,0.10218099999999986,0.40998946000000003
15.2,-30.589972,31.044744,15.434094,-0.61055374,-30.836868,30.6432,15.2,-0.21249226,0.24689599999999956,0.40154400000000123,0.2340940000000007,0.39806147999999997
15.3,-31.550097,30.773102,15.345737,0.046751384,-31.058966,30.79837,15.3,-0.1820902,0.4911309999999993,0.02526799999999696,0.04573699999999903,0.22884158400000001
15.4,-31.410114,30.84187,15.141523,0.24156104,-31.276476,30.95156,15.4,-0.14442876,0.13363800000000126,0.10969000000000051,0.25847700000000096,0.3859898
15.5,-31.62523,31.402412,15.601245,0.38331792,-31.489227,31.103233,15.5,-0.10100941,0.13600299999999876,0.2991790000000023,0.10124500000000047,0.48432732999999994
15.6,-31.826422,30.781027,15.810299,-0.018533107,-31.697088,31.253878,15.6,-0.053563137,0.12933400000000006,0.4728509999999986,0.2102990000000009,0.03503003
15.7,-31.871979,31.813738,15.7822485,-0.28359264,-31.899984,31.403982,15.7,-0.0039814655,0.02800500000000028,0.40975600000000156,0.08224850000000039,0.2796111745
15.8,-32.446205,31.275963,16.134712,-0.14459434,-32.097885,31.554047,15.8,0.045758933,0.3483200000000011,0.2780839999999998,0.3347119999999997,0.190353273
15.9,-31.817003,31.397425,16.305632,-0.014994396,-32.29081,31.70457,15.9,0.09367507,0.47380700000000076,0.307145000000002,0.4056319999999989,0.10866946599999999
16.0,-32.16553,31.964392,15.7342005,0.30207548,-32.47883,31.856049,16.0,0.13785668,0.31330000000000524,0.10834300000000141,0.26579949999999997,0.1642188
16.1,-33.091797,32.366974,16.226398,-0.12817435,-32.662067,32.008965,16.1,0.17654237,0.4297299999999993,0.3580089999999956,0.12639799999999823,0.30471672
16.2,-32.75864,32.0974,16.197481,0.49302992,-32.840687,32.163788,16.2,0.20818987,0.08204700000000287,0.06638799999999634,0.002518999999999494,0.28484005
16.3,-33.3836,32.31094,16.018347,0.15027055,-33.014904,32.320972,16.3,0.2315375,0.3686959999999999,0.010031999999995378,0.28165300000000215,0.08126695
16.4,-32.85395,32.110725,16.11881,-0.009014632,-33.184975,32.480946,16.4,0.24565446,0.3310250000000039,0.3702210000000008,0.2811899999999987,0.254669092
16.5,-33.72488,32.89137,16.294443,-0.24890815,-33.3512,32.644108,16.5,0.24997796,0.37368000000000023,0.2472619999999992,0.20555699999999888,0.49888611
16.6,-33.040546,33.09206,16.670311,-0.044908676,-33.513912,32.810825,16.6,0.24433562,0.4733659999999986,0.28123499999999524,0.07031100000000023,0.289244296
16.7,-33.912212,33.232594,16.931856,0.00037641198,-33.673492,32.98143,16.7,0.22895241,0.2387199999999936,0.2511639999999957,0.2318560000000005,0.22857599802
16.8,-34.196957,33.456802,16.938702,0.44506484,-33.830338,33.156216,16.8,0.20444156,0.36661900000000003,0.3005860000000027,0.13870199999999855,0.24062328000000002
16.9,-34.078842,33.565544,16.711296,-0.05908312,-33.984882,33.335438,16.9,0.17178029,0.09396000000000271,0.23010599999999926,0.18870399999999776,0.23086341
17.0,-34.01081,33.17378,17.359114,0.39705846,-34.13758,33.519302,17.0,0.13227068,0.1267700000000005,0.34552200000000255,0.3591140000000017,0.26478778000000003
17.1,-33.99435,33.54916,17.36245,0.5538013,-34.288906,33.707966,17.1,0.08748784,0.29455600000000004,0.15880599999999845,0.26244999999999763,0.46631346000000007
17.2,-34.041656,34.388474,17.201963,-0.06311759,-34.43934,33.90155,17.2,0.039217148,0.39768399999999815,0.4869240000000019,0.001962999999999937,0.10233473800000001
17.3,-35.074993,34.02881,17.072886,-0.32723275,-34.589382,34.100113,17.3,-0.010617008,0.4856109999999987,0.07130300000000034,0.22711400000000026,0.31661574200000003
17.4,-34.57045,34.09418,17.747175,0.12828024,-34.73953,34.30367,17.4,-0.0600279,0.169080000000001,0.2094899999999953,0.347175,0.18830813999999998
17.5,-34.705803,34.167114,17.326437,-0.39023623,-34.89028,34.512188,17.5,-0.107045665,0.184476999999994,0.3450740000000039,0.17356300000000147,0.283190565
17.6,-35.224064,35.182316,17.412506,-0.2622665,-35.04213,34.72558,17.6,-0.14979586,0.18193399999999826,0.45673599999999936,0.18749400000000094,0.11247064000000001
17.7,-34.986755,35.302673,17.304325,-0.19256805,-35.195553,34.94371,17.7,-0.18657418,0.2087979999999945,0.3589629999999957,0.39567500000000067,0.0059938699999999845
17.8,-35.098423,34.771816,17.899784,0.17388253,-35.35102,35.166397,17.8,-0.21591435,0.2525970000000015,0.3945810000000023,0.09978399999999965,0.38979688
17.9,-35.50925,35.256084,18.128908,-0.42895004,-35.508976,35.39342,17.9,-0.23664671,0.0002740000000045484,0.13733599999999768,0.22890800000000056,0.19230332999999997
18.0,-35.71753,35.24046,18.064842,-0.74451023,-35.66984,35.624508,18.0,-0.24794471,0.04768999999999579,0.38404799999999994,0.06484199999999873,0.49656552000000004
18.1,-36.30088,35.37216,17.777355,0.059285138,-35.834003,35.859344,18.1,-0.24935794,0.46687699999999666,0.4871839999999992,0.3226450000000014,0.308643078
18.2,-35.70437,36.271637,17.928528,0.23664534,-36.001823,36.097584,18.2,-0.24083005,0.2974530000000044,0.17405300000000068,0.27147199999999927,0.47747539
18.3,-35.823513,36.65842,17.841272,-0.046279155,-36.173622,36.338844,18.3,-0.22270104,0.35010900000000333,0.31957599999999786,0.4587280000000007,0.176421885
18.4,-36.21928,36.858837,18.478706,-0.31306252,-36.349678,36.582718,18.4,-0.19569363,0.13039799999999957,0.27611900000000134,0.07870600000000039,0.11736889
18.5,-36.863266,37.24209,18.450386,-0.1776833,-36.53024,36.82876,18.5,-0.16088453,0.3330260000000038,0.41332999999999487,0.04961399999999827,0.01679876999999999
18.6,-36.87142,36.92814,18.791895,0.27050427,-36.71549,37.07651,18.6,-0.11966148,0.1559299999999979,0.1483699999999999,0.19189499999999882,0.39016575
18.7,-37.039223,37.12106,18.277134,-0.27523434,-36.905582,37.3255,18.7,-0.0736679,0.13364099999999723,0.20443999999999818,0.4228659999999991,0.20156644
18.8,-37.016827,37.18756,19.109936,0.28533506,-37.100613,37.575233,18.8,-0.024737414,0.08378600000000347,0.3876729999999995,0.30993600000000043,0.310072474
18.9,-37.16287,38.20642,18.838673,-0.0317404,-37.300636,37.82521,18.9,0.025179274,0.13776599999999917,0.38121000000000294,0.06132699999999858,0.056919674
19.0,-37.09927,38.15769,19.348995,-0.31859457,-37.50565,38.07494,19.0,0.07409214,0.40638000000000574,0.08275000000000432,0.3489949999999986,0.39268671
19.1,-37.730392,38.427036,18.601482,-0.055123094,-37.7156,38.323917,19.1,0.1200512,0.014791999999999916,0.10311899999999952,0.4985180000000007,0.175174294
19.2,-37.9205,38.863667,19.402145,-0.20462158,-37.93039,38.57166,19.2,0.16122419,0.009890000000005728,0.29200699999999813,0.20214500000000157,0.36584576999999996
19.3,-38.234627,38.604515,19.643005,0.015280819,-38.14987,38.817684,19.3,0.19596967,0.0847570000000033,0.2131690000000006,0.343004999999998,0.180688851
19.4,-38.26618,39.50271,19.512674,0.5121437,-38.373856,39.06153,19.4,0.22290246,0.10767600000000499,0.4411800000000028,0.11267400000000194,0.28924123999999996
19.5,-38.254158,39.661987,19.536741,0.69515765,-38.602093,39.30277,19.5,0.24094884,0.34793500000000677,0.359217000000001,0.036740999999999246,0.45420880999999996
19.6,-39.106945,39.06788,19.840752,0.63842297,-38.83431,39.54098,19.6,0.24938935,0.27263500000000107,0.4730999999999952,0.24075199999999697,0.38903362
19.7,-38.926495,40.211475,19.516634,0.109105,-39.070175,39.775787,19.7,0.24788749,0.14367999999999626,0.43568799999999896,0.18336599999999947,0.13878248999999998
19.8,-39.276672,40.03887,19.377943,0.18902482,-39.309338,40.006836,19.8,0.23650314,0.032665999999998974,0.032034000000003005,0.42205700000000235,0.04747831999999999
19.9,-39.724934,40.558865,19.630678,0.5138243,-39.551407,40.23382,19.9,0.21569017,0.173527,0.3250449999999958,0.26932199999999895,0.29813413

Largest Deviations
Largest dev_y1_Y42,0.495968
Largest dev_y2_Y41,0.497703
Largest dev_y3_Y11,0.498936
Largest dev_y4_Y48,0.499742

Max Deviations
Max Deviation dev_y1_Y42,0.701405
Max Deviation dev_y2_Y41,0.703858
Max Deviation dev_y3_Y11,0.705602
Max Deviation dev_y4_Y48,0.706741
